300,13,c,d,e,f,g,h,i,j,k,l,m,n
-1,1,-2.71E-20,0,1,1,544.6736172,528.7226554,515.0626159,507.8449084,5329.230048,529.207841,0,-0.937483868
-0.937483868,0.934294923,6.417883107,-6.824940882,1,1,544.6736172,528.7226554,515.0626159,507.8449084,5329.230048,529.207841,0.2,-0.875523116
-0.875523116,0.868403511,5.98042588,-6.357834228,1,1,544.6736172,528.7226554,515.0626159,507.8449084,5329.230048,529.207841,0.4,-0.81777341
-0.81777341,0.807034682,5.574319839,-5.921087119,1,1,544.6736172,528.7226554,515.0626159,507.8449084,5329.230048,529.207841,0.6,-0.763944267
-0.763944267,0.749882381,5.195973643,-5.514174551,1,1,544.6736172,528.7226554,515.0626159,507.8449084,5329.230048,529.207841,0.8,-0.713767811
-0.713767811,0.696658575,4.843474077,-5.135056046,1,1,544.6736172,528.7226554,515.0626159,507.8449084,5329.230048,529.207841,1,-0.666994522
-0.666994522,0.647094948,4.515056423,-4.781834082,1,1,544.6736172,528.7226554,515.0626159,507.8449084,5329.230048,529.207841,1.2,-0.623391904
-0.623391904,0.600941481,4.209074711,-4.452738686,1,1,544.6736172,528.7226554,515.0626159,507.8449084,5329.230048,529.207841,1.4,-0.582743359
-0.582743359,0.557965256,3.923997093,-4.146122622,1,1,544.6736172,528.7226554,515.0626159,507.8449084,5329.230048,529.207841,1.6,-0.544847062
-0.544847062,0.517949238,3.658395258,-3.860449983,1,1,544.6736172,528.7226554,515.0626159,507.8449084,5329.230048,529.207841,1.8,-0.509514982
-0.509514982,0.480691226,3.410938944,-3.5942903,1,1,544.6736172,528.7226554,515.0626159,507.8449084,5329.230048,529.207841,2,-0.476571942
-0.476571942,0.446002845,3.180388185,-3.346310203,1,1,544.6736172,528.7226554,515.0626159,507.8449084,5329.230048,529.207841,2.2,-0.445854727
-0.445854727,0.413708576,2.965588166,-3.115267879,1,1,544.6736172,528.7226554,515.0626159,507.8449084,5329.230048,529.207841,2.4,-0.417211268
-0.417211268,0.38364489,2.765463736,-2.900007192,1,1,544.6736172,528.7226554,515.0626159,507.8449084,5329.230048,529.207841,2.6,-0.390499887
-0.390499887,0.355659432,2.579011296,-2.699448939,1,1,544.6736172,528.7226554,515.0626159,507.8449084,5329.230048,529.207841,2.8,-0.365588586
-0.365588586,0.329610255,2.405297251,-2.512589197,1,1,544.6736172,528.7226554,515.0626159,507.8449084,5329.230048,529.207841,3,-0.342354382
-0.342354382,0.305365107,2.243452113,-2.338492973,1,1,544.6736172,528.7226554,515.0626159,507.8449084,5329.230048,529.207841,3.2,-0.320682692
-0.320682692,0.282800766,2.092664408,-2.176287671,1,1,544.6736172,528.7226554,515.0626159,507.8449084,5329.230048,529.207841,3.4,-0.300466763
-0.300466763,0.261802434,1.9521784,-2.025160618,1,1,544.6736172,528.7226554,515.0626159,507.8449084,5329.230048,529.207841,3.6,-0.281607133
-0.281607133,0.242263152,1.82129096,-1.884355717,1,1,544.6736172,528.7226554,515.0626159,507.8449084,5329.230048,529.207841,3.8,-0.264011137
-0.264011137,0.224083266,1.699346562,-1.753168061,1,1,544.6736172,528.7226554,515.0626159,507.8449084,5329.230048,529.207841,4,-0.247592435
-0.247592435,0.20716993,1.585733795,-1.630940178,1,1,544.6736172,528.7226554,515.0626159,507.8449084,5329.230048,529.207841,4.2,-0.232270592
-0.232270592,0.191436643,1.479883387,-1.51705991,1,1,544.6736172,528.7226554,515.0626159,507.8449084,5329.230048,529.207841,4.4,-0.217970662
-0.217970662,0.176802809,1.38126552,-1.410957526,1,1,544.6736172,528.7226554,515.0626159,507.8449084,5329.230048,529.207841,4.6,-0.204622822
-0.204622822,0.16319334,1.289386131,-1.312101742,1,1,544.6736172,528.7226554,515.0626159,507.8449084,5329.230048,529.207841,4.8,-0.192162018
-0.192162018,0.150538275,1.203784506,-1.219997136,1,1,544.6736172,528.7226554,515.0626159,507.8449084,5329.230048,529.207841,5,-0.18052764
-0.18052764,0.138772434,1.12403184,-1.134182597,1,1,544.6736172,528.7226554,515.0626159,507.8449084,5329.230048,529.207841,5.2,-0.169663218
-0.169663218,0.12783509,1.049728877,-1.054228791,1,1,544.6736172,528.7226554,515.0626159,507.8449084,5329.230048,529.207841,5.4,-0.15951614
-0.15951614,0.11766966,0.980503266,-0.979735314,1,1,544.6736172,528.7226554,515.0626159,507.8449084,5329.230048,529.207841,5.6,-0.150037389
-0.150037389,0.10822343,0.916007858,-0.910328862,1,1,544.6736172,528.7226554,515.0626159,507.8449084,5329.230048,529.207841,5.8,-0.141181295
-0.141181295,0.099447287,0.855919651,-0.845662099,1,1,544.6736172,528.7226554,515.0626159,507.8449084,5329.230048,529.207841,6,-0.13290531
-0.13290531,0.09129547,0.79993769,-0.785411395,1,1,544.6736172,528.7226554,515.0626159,507.8449084,5329.230048,529.207841,6.2,-0.12516979
-0.12516979,0.083725346,0.747781465,-0.729275107,1,1,544.6736172,528.7226554,515.0626159,507.8449084,5329.230048,529.207841,6.4,-0.117937802
-0.117937802,0.076697192,0.699189575,-0.676972138,1,1,544.6736172,528.7226554,515.0626159,507.8449084,5329.230048,529.207841,6.6,-0.111174933
-0.111174933,0.070174002,0.653918398,-0.628240511,1,1,544.6736172,528.7226554,515.0626159,507.8449084,5329.230048,529.207841,6.8,-0.104849124
-0.104849124,0.064121294,0.611741099,-0.582836298,1,1,544.6736172,528.7226554,515.0626159,507.8449084,5329.230048,529.207841,7,-0.098930504
-0.098930504,0.058506944,0.57244639,-0.540532293,1,1,544.6736172,528.7226554,515.0626159,507.8449084,5329.230048,529.207841,7.2,-0.093391244
-0.093391244,0.053301021,0.535837392,-0.501116781,1,1,544.6736172,528.7226554,515.0626159,507.8449084,5329.230048,529.207841,7.4,-0.088205416
-0.088205416,0.048475638,0.501730632,-0.464392467,1,1,544.6736172,528.7226554,515.0626159,507.8449084,5329.230048,529.207841,7.6,-0.083348861
-0.083348861,0.044004814,0.469955142,-0.430175496,1,1,544.6736172,528.7226554,515.0626159,507.8449084,5329.230048,529.207841,7.8,-0.078799074
-0.078799074,0.039864343,0.440351615,-0.39829456,1,1,544.6736172,528.7226554,515.0626159,507.8449084,5329.230048,529.207841,8,-0.074535086
-0.074535086,0.03603167,0.412771624,-0.368590046,1,1,544.6736172,528.7226554,515.0626159,507.8449084,5329.230048,529.207841,8.2,-0.070537359
-0.070537359,0.032485785,0.387076944,-0.340913312,1,1,544.6736172,528.7226554,515.0626159,507.8449084,5329.230048,529.207841,8.4,-0.066787693
-0.066787693,0.029207108,0.363138821,-0.315125902,1,1,544.6736172,528.7226554,515.0626159,507.8449084,5329.230048,529.207841,8.6,-0.063269128
-0.063269128,0.026177399,0.34083727,-0.291098789,1,1,544.6736172,528.7226554,515.0626159,507.8449084,5329.230048,529.207841,8.8,-0.059965865
-0.059965865,0.023379665,0.320060485,-0.268711741,1,1,544.6736172,528.7226554,515.0626159,507.8449084,5329.230048,529.207841,9,-0.056863184
-0.056863184,0.020798071,0.300704283,-0.247852722,1,1,544.6736172,528.7226554,515.0626159,507.8449084,5329.230048,529.207841,9.2,-0.053947369
-0.053947369,0.018417867,0.282671537,-0.228417285,1,1,544.6736172,528.7226554,515.0626159,507.8449084,5329.230048,529.207841,9.4,-0.051205644
-0.051205644,0.016225306,0.265871872,-0.210308244,1,1,544.6736172,528.7226554,515.0626159,507.8449084,5329.230048,529.207841,9.6,-0.048626103
-0.048626103,0.014207583,0.250221069,-0.19343503,1,1,544.6736172,528.7226554,515.0626159,507.8449084,5329.230048,529.207841,9.8,-0.046197657
-0.046197657,0.012352769,0.235640727,-0.177713336,1,1,544.6736172,528.7226554,515.0626159,507.8449084,5329.230048,529.207841,10,-0.043911262
-0.043911262,0.010648425,0.221754268,-0.163372627,1,1,544.6736172,528.7226554,515.0626159,507.8449084,5329.230048,529.207841,10,-0.041759589
-0.041759589,0.009081867,0.208730256,-0.150099293,1,1,544.6736172,528.7226554,515.0626159,507.8449084,5329.230048,529.207841,10,-0.039733762
-0.039733762,0.007643348,0.196574913,-0.137753661,1,1,544.6736172,528.7226554,515.0626159,507.8449084,5329.230048,529.207841,10,-0.037825392
-0.037825392,0.006323916,0.185229404,-0.126271797,1,1,544.6736172,528.7226554,515.0626159,507.8449084,5329.230048,529.207841,10,-0.036026659
-0.036026659,0.005115231,0.174638503,-0.115594372,1,1,544.6736172,528.7226554,515.0626159,507.8449084,5329.230048,529.207841,10,-0.034330276
-0.034330276,0.004009529,0.164751058,-0.105666453,1,1,544.6736172,528.7226554,515.0626159,507.8449084,5329.230048,529.207841,10,-0.032729452
-0.032729452,0.002999576,0.155519192,-0.096436624,1,1,544.6736172,528.7226554,515.0626159,507.8449084,5329.230048,529.207841,10,-0.031217858
-0.031217858,0.002078632,0.14689797,-0.087856631,1,1,544.6736172,528.7226554,515.0626159,507.8449084,5329.230048,529.207841,10,-0.029789594
-0.029789594,0.001240423,0.13884637,-0.079882431,1,1,544.6736172,528.7226554,515.0626159,507.8449084,5329.230048,529.207841,10,-0.028439163
-0.028439163,0.000479105,0.131325187,-0.072471929,1,1,544.6736172,528.7226554,515.0626159,507.8449084,5329.230048,529.207841,10,-0.027161441
-0.027161441,-0.000210766,0.124298812,-0.065586902,1,1,544.6736172,528.7226554,515.0626159,507.8449084,5329.230048,529.207841,10,-0.025951651
-0.025951651,-0.000834262,0.117733449,-0.059191069,1,1,544.6736172,528.7226554,515.0626159,507.8449084,5329.230048,529.207841,10,-0.024805341
-0.024805341,-0.001396106,0.111597801,-0.053250843,1,1,544.6736172,528.7226554,515.0626159,507.8449084,5329.230048,529.207841,10,-0.023718361
-0.023718361,-0.001900693,0.105862613,-0.047734825,1,1,544.6736172,528.7226554,515.0626159,507.8449084,5329.230048,529.207841,10,-0.022686844
-0.022686844,-0.002352119,0.100500753,-0.042613905,1,1,544.6736172,528.7226554,515.0626159,507.8449084,5329.230048,529.207841,10,-0.021707185
-0.021707185,-0.002754198,0.095486986,-0.037861008,1,1,544.6736172,528.7226554,515.0626159,507.8449084,5329.230048,529.207841,10,-0.020776022
-0.020776022,-0.003110482,0.090797696,-0.033450799,1,1,544.6736172,528.7226554,515.0626159,507.8449084,5329.230048,529.207841,10,-0.019890223
-0.019890223,-0.003424278,0.086410838,-0.029359636,1,1,544.6736172,528.7226554,515.0626159,507.8449084,5329.230048,529.207841,10,-0.019046866
-0.019046866,-0.003698665,0.082305915,-0.025565535,1,1,544.6736172,528.7226554,515.0626159,507.8449084,5329.230048,529.207841,10,-0.018243228
-0.018243228,-0.003936511,0.078463838,-0.022048032,1,1,544.6736172,528.7226554,515.0626159,507.8449084,5329.230048,529.207841,10,-0.017476772
-0.017476772,-0.004140485,0.074866939,-0.018788186,1,1,544.6736172,528.7226554,515.0626159,507.8449084,5329.230048,529.207841,10,-0.016745129
-0.016745129,-0.004313072,0.071498434,-0.015768006,1,1,544.6736172,528.7226554,515.0626159,507.8449084,5329.230048,529.207841,10,-0.016046093
-0.016046093,-0.004456588,0.068342993,-0.012971065,1,1,544.6736172,528.7226554,515.0626159,507.8449084,5329.230048,529.207841,10,-0.015377606
-0.015377606,-0.004573188,0.065386369,-0.010382103,1,1,544.6736172,528.7226554,515.0626159,507.8449084,5329.230048,529.207841,10,-0.014737748
-0.014737748,-0.004664876,0.062615029,-0.007986621,1,1,544.6736172,528.7226554,515.0626159,507.8449084,5329.230048,529.207841,10,-0.014124731
-0.014124731,-0.004733519,0.06001635,-0.005771104,1,1,544.6736172,528.7226554,515.0626159,507.8449084,5329.230048,529.207841,10,-0.013536884
-0.013536884,-0.004780856,0.057578812,-0.003723219,1,1,544.6736172,528.7226554,515.0626159,507.8449084,5329.230048,529.207841,10,-0.012972652
-0.012972652,-0.004808504,0.055291649,-0.001831441,1,1,544.6736172,528.7226554,515.0626159,507.8449084,5329.230048,529.207841,10,-0.012430584
-0.012430584,-0.004817969,0.053144688,-8.4893E-05,1,1,544.6736172,528.7226554,515.0626159,507.8449084,5329.230048,529.207841,10,-0.011909324
-0.011909324,-0.004810651,0.051128395,0.001526633,1,1,544.6736172,528.7226554,515.0626159,507.8449084,5329.230048,529.207841,10,-0.011407609
-0.011407609,-0.004787856,0.0492341,0.003012403,1,1,544.6736172,528.7226554,515.0626159,507.8449084,5329.230048,529.207841,10,-0.010924262
-0.010924262,-0.004750794,0.047453687,0.004381086,1,1,544.6736172,528.7226554,515.0626159,507.8449084,5329.230048,529.207841,10,-0.010458182
-0.010458182,-0.004700597,0.045779425,0.005640926,1,1,544.6736172,528.7226554,515.0626159,507.8449084,5329.230048,529.207841,10,-0.010008343
-0.010008343,-0.004638313,0.04420424,0.006799532,1,1,544.6736172,528.7226554,515.0626159,507.8449084,5329.230048,529.207841,10,-0.009573789
-0.009573789,-0.00456492,0.042721519,0.00786395,1,1,544.6736172,528.7226554,515.0626159,507.8449084,5329.230048,529.207841,10,-0.009153625
-0.009153625,-0.004481326,0.041325071,0.008840708,1,1,544.6736172,528.7226554,515.0626159,507.8449084,5329.230048,529.207841,10,-0.008747019
-0.008747019,-0.004388377,0.040009184,0.009735983,1,1,544.6736172,528.7226554,515.0626159,507.8449084,5329.230048,529.207841,10,-0.008353191
-0.008353191,-0.004286859,0.038768485,0.010555481,1,1,544.6736172,528.7226554,515.0626159,507.8449084,5329.230048,529.207841,10,-0.007971415
-0.007971415,-0.004177503,0.037597978,0.011304513,1,1,544.6736172,528.7226554,515.0626159,507.8449084,5329.230048,529.207841,10,-0.007601013
-0.007601013,-0.004060987,0.03649301,0.011988046,1,1,544.6736172,528.7226554,515.0626159,507.8449084,5329.230048,529.207841,10,-0.007241351
-0.007241351,-0.003937945,0.035449255,0.012610678,1,1,544.6736172,528.7226554,515.0626159,507.8449084,5329.230048,529.207841,10,-0.006891837
-0.006891837,-0.003808962,0.034462663,0.013176715,1,1,544.6736172,528.7226554,515.0626159,507.8449084,5329.230048,529.207841,10,-0.00655192
-0.00655192,-0.003674586,0.03352947,0.013690157,1,1,544.6736172,528.7226554,515.0626159,507.8449084,5329.230048,529.207841,10,-0.006221082
-0.006221082,-0.003535322,0.032646163,0.014154736,1,1,544.6736172,528.7226554,515.0626159,507.8449084,5329.230048,529.207841,10,-0.005898841
-0.005898841,-0.003391643,0.031809466,0.014573929,1,1,544.6736172,528.7226554,515.0626159,507.8449084,5329.230048,529.207841,10,-0.005584747
-0.005584747,-0.003243985,0.031016328,0.014950969,1,1,544.6736172,528.7226554,515.0626159,507.8449084,5329.230048,529.207841,10,-0.005278378
-0.005278378,-0.003092754,0.030263909,0.015288865,1,1,544.6736172,528.7226554,515.0626159,507.8449084,5329.230048,529.207841,10,-0.00497934
-0.00497934,-0.00293833,0.029549661,0.015590311,1,1,544.6736172,528.7226554,515.0626159,507.8449084,5329.230048,529.207841,10,-0.004687267
-0.004687267,-0.00278106,0.028870764,0.015858246,1,1,544.6736172,528.7226554,515.0626159,507.8449084,5329.230048,529.207841,10,-0.004401813
-0.004401813,-0.002621269,0.028225355,0.016094775,1,1,544.6736172,528.7226554,515.0626159,507.8449084,5329.230048,529.207841,10,-0.004120928
-0.004120928,-0.002457505,0.028015359,0.016713406,1,1,544.6736172,528.7226554,515.0626159,507.8449084,5329.230048,529.207841,10.26666667,-0.003841255
-0.003841255,-0.002286935,0.027923374,0.017395591,1,1,544.6736172,528.7226554,515.0626159,507.8449084,5329.230048,529.207841,10.53333333,-0.003562383
-0.003562383,-0.002109693,0.027854655,0.018048085,1,1,544.6736172,528.7226554,515.0626159,507.8449084,5329.230048,529.207841,10.8,-0.003284092
-0.003284092,-0.001926068,0.027806966,0.018672322,1,1,544.6736172,528.7226554,515.0626159,507.8449084,5329.230048,529.207841,11.06666667,-0.003006179
-0.003006179,-0.001736335,0.027778661,0.019270124,1,1,544.6736172,528.7226554,515.0626159,507.8449084,5329.230048,529.207841,11.33333333,-0.002728457
-0.002728457,-0.00154075,0.027768541,0.019842828,1,1,544.6736172,528.7226554,515.0626159,507.8449084,5329.230048,529.207841,11.6,-0.002450754
-0.002450754,-0.001339554,0.027774808,0.020392439,1,1,544.6736172,528.7226554,515.0626159,507.8449084,5329.230048,529.207841,11.86666667,-0.002172909
-0.002172909,-0.001132975,0.027796468,0.020920068,1,1,544.6736172,528.7226554,515.0626159,507.8449084,5329.230048,529.207841,12.13333333,-0.001894776
-0.001894776,-0.000921224,0.027832528,0.021426825,1,1,544.6736172,528.7226554,515.0626159,507.8449084,5329.230048,529.207841,12.4,-0.001616217
-0.001616217,-0.000704501,0.027881338,0.021914559,1,1,544.6736172,528.7226554,515.0626159,507.8449084,5329.230048,529.207841,12.66666667,-0.001337111
-0.001337111,-0.000482991,0.027941944,0.022384344,1,1,544.6736172,528.7226554,515.0626159,507.8449084,5329.230048,529.207841,12.93333333,-0.001057342
-0.001057342,-0.000256871,0.02801357,0.022837059,1,1,544.6736172,528.7226554,515.0626159,507.8449084,5329.230048,529.207841,13.2,-0.000776805
-0.000776805,-2.63039E-05,0.028095341,0.023273696,1,1,544.6736172,528.7226554,515.0626159,507.8449084,5329.230048,529.207841,13.46666667,-0.000495404
-0.000495404,0.000208553,0.028186375,0.023695255,1,1,544.6736172,528.7226554,515.0626159,507.8449084,5329.230048,529.207841,13.73333333,-0.000213049
-0.000213049,0.000447554,0.028285904,0.024102612,1,1,544.6736172,528.7226554,515.0626159,507.8449084,5329.230048,529.207841,14,7.034E-05
7.034E-05,0.000690561,0.028393196,0.024496603,1,1,544.6736172,528.7226554,515.0626159,507.8449084,5329.230048,529.207841,14.26666667,0.000354838
0.000354838,0.000937445,0.028507521,0.024878062,1,1,544.6736172,528.7226554,515.0626159,507.8449084,5329.230048,529.207841,14.53333333,0.000640512
0.000640512,0.001188083,0.028628286,0.025247677,1,1,544.6736172,528.7226554,515.0626159,507.8449084,5329.230048,529.207841,14.8,0.000927424
0.000927424,0.00144236,0.028754962,0.025606062,1,1,544.6736172,528.7226554,515.0626159,507.8449084,5329.230048,529.207841,15.06666667,0.001215629
0.001215629,0.001700168,0.028887013,0.025953841,1,1,544.6736172,528.7226554,515.0626159,507.8449084,5329.230048,529.207841,15.33333333,0.001505179
0.001505179,0.001961404,0.029023814,0.026291738,1,1,544.6736172,528.7226554,515.0626159,507.8449084,5329.230048,529.207841,15.6,0.00179612
0.00179612,0.002225971,0.029165026,0.026620158,1,1,544.6736172,528.7226554,515.0626159,507.8449084,5329.230048,529.207841,15.86666667,0.002088493
0.002088493,0.002493778,0.029310155,0.026939682,1,1,544.6736172,528.7226554,515.0626159,507.8449084,5329.230048,529.207841,16.13333333,0.002382335
0.002382335,0.002764737,0.029458878,0.027250703,1,1,544.6736172,528.7226554,515.0626159,507.8449084,5329.230048,529.207841,16.4,0.002677681
0.002677681,0.003038766,0.0296107,0.027553795,1,1,544.6736172,528.7226554,515.0626159,507.8449084,5329.230048,529.207841,16.66666667,0.002974559
0.002974559,0.003315787,0.029765435,0.027849206,1,1,544.6736172,528.7226554,515.0626159,507.8449084,5329.230048,529.207841,16.93333333,0.003272997
0.003272997,0.003595726,0.029922596,0.028137504,1,1,544.6736172,528.7226554,515.0626159,507.8449084,5329.230048,529.207841,17.2,0.003573019
0.003573019,0.003878514,0.030081985,0.028418947,1,1,544.6736172,528.7226554,515.0626159,507.8449084,5329.230048,529.207841,17.46666667,0.003874643
0.003874643,0.004164084,0.030243279,0.028693921,1,1,544.6736172,528.7226554,515.0626159,507.8449084,5329.230048,529.207841,17.73333333,0.00417789
0.00417789,0.004452372,0.030406235,0.028962735,1,1,544.6736172,528.7226554,515.0626159,507.8449084,5329.230048,529.207841,18,0.004482773
0.004482773,0.004743319,0.030570624,0.029225675,1,1,544.6736172,528.7226554,515.0626159,507.8449084,5329.230048,529.207841,18.26666667,0.004789306
0.004789306,0.005036867,0.030736207,0.029483044,1,1,544.6736172,528.7226554,515.0626159,507.8449084,5329.230048,529.207841,18.53333333,0.0050975
0.0050975,0.005332962,0.030902823,0.029735055,1,1,544.6736172,528.7226554,515.0626159,507.8449084,5329.230048,529.207841,18.8,0.005407365
0.005407365,0.005631551,0.031070226,0.029982011,1,1,544.6736172,528.7226554,515.0626159,507.8449084,5329.230048,529.207841,19.06666667,0.005718907
0.005718907,0.005932586,0.031238301,0.03022408,1,1,544.6736172,528.7226554,515.0626159,507.8449084,5329.230048,529.207841,19.33333333,0.006032133
0.006032133,0.006236017,0.031406833,0.030461535,1,1,544.6736172,528.7226554,515.0626159,507.8449084,5329.230048,529.207841,19.6,0.006347045
0.006347045,0.006541801,0.031575709,0.030694533,1,1,544.6736172,528.7226554,515.0626159,507.8449084,5329.230048,529.207841,19.86666667,0.006663647
0.006663647,0.006849894,0.031744766,0.030923294,1,1,544.6736172,528.7226554,515.0626159,507.8449084,5329.230048,529.207841,20.13333333,0.006981941
0.006981941,0.007160254,0.031913894,0.031147973,1,1,544.6736172,528.7226554,515.0626159,507.8449084,5329.230048,529.207841,20.4,0.007301925
0.007301925,0.00747284,0.03208296,0.031368753,1,1,544.6736172,528.7226554,515.0626159,507.8449084,5329.230048,529.207841,20.66666667,0.007623599
0.007623599,0.007787616,0.032251875,0.031585769,1,1,544.6736172,528.7226554,515.0626159,507.8449084,5329.230048,529.207841,20.93333333,0.007946962
0.007946962,0.008104544,0.032420504,0.031799203,1,1,544.6736172,528.7226554,515.0626159,507.8449084,5329.230048,529.207841,21.2,0.008272008
0.008272008,0.008423588,0.032588806,0.032009137,1,1,544.6736172,528.7226554,515.0626159,507.8449084,5329.230048,529.207841,21.46666667,0.008598736
0.008598736,0.008744716,0.032756666,0.032215735,1,1,544.6736172,528.7226554,515.0626159,507.8449084,5329.230048,529.207841,21.73333333,0.00892714
0.00892714,0.009067893,0.03292398,0.032419143,1,1,544.6736172,528.7226554,515.0626159,507.8449084,5329.230048,529.207841,22,0.009257214
0.009257214,0.009393088,0.033090757,0.032619387,1,1,544.6736172,528.7226554,515.0626159,507.8449084,5329.230048,529.207841,22.26666667,0.009588953
0.009588953,0.00972027,0.033256844,0.032816673,1,1,544.6736172,528.7226554,515.0626159,507.8449084,5329.230048,529.207841,22.53333333,0.009922349
0.009922349,0.010049412,0.033422219,0.033011057,1,1,544.6736172,528.7226554,515.0626159,507.8449084,5329.230048,529.207841,22.8,0.010257395
0.010257395,0.010380482,0.033586858,0.033202601,1,1,544.6736172,528.7226554,515.0626159,507.8449084,5329.230048,529.207841,23.06666667,0.010594083
0.010594083,0.010713455,0.033750638,0.033391474,1,1,544.6736172,528.7226554,515.0626159,507.8449084,5329.230048,529.207841,23.33333333,0.010932405
0.010932405,0.011048303,0.033913573,0.033577694,1,1,544.6736172,528.7226554,515.0626159,507.8449084,5329.230048,529.207841,23.6,0.011272351
0.011272351,0.011385,0.034075606,0.033761359,1,1,544.6736172,528.7226554,515.0626159,507.8449084,5329.230048,529.207841,23.86666667,0.011613914
0.011613914,0.011723522,0.034236675,0.03394257,1,1,544.6736172,528.7226554,515.0626159,507.8449084,5329.230048,529.207841,24.13333333,0.011957082
0.011957082,0.012063843,0.034396786,0.034121353,1,1,544.6736172,528.7226554,515.0626159,507.8449084,5329.230048,529.207841,24.4,0.012301846
0.012301846,0.012405941,0.034555874,0.034297812,1,1,544.6736172,528.7226554,515.0626159,507.8449084,5329.230048,529.207841,24.66666667,0.012648196
0.012648196,0.012749792,0.034713924,0.034471998,1,1,544.6736172,528.7226554,515.0626159,507.8449084,5329.230048,529.207841,24.93333333,0.012996121
0.012996121,0.013095374,0.034870928,0.034643952,1,1,544.6736172,528.7226554,515.0626159,507.8449084,5329.230048,529.207841,25.2,0.01334561
0.01334561,0.013442664,0.035026819,0.034813777,1,1,544.6736172,528.7226554,515.0626159,507.8449084,5329.230048,529.207841,25.46666667,0.013696654
0.013696654,0.013791642,0.035181615,0.034981489,1,1,544.6736172,528.7226554,515.0626159,507.8449084,5329.230048,529.207841,25.73333333,0.014049239
0.014049239,0.014142287,0.035335315,0.035147119,1,1,544.6736172,528.7226554,515.0626159,507.8449084,5329.230048,529.207841,26,0.014403356
0.014403356,0.014494578,0.035487852,0.035310772,1,1,544.6736172,528.7226554,515.0626159,507.8449084,5329.230048,529.207841,26.26666667,0.014758992
0.014758992,0.014848496,0.035639219,0.035472487,1,1,544.6736172,528.7226554,515.0626159,507.8449084,5329.230048,529.207841,26.53333333,0.015116137
0.015116137,0.015204021,0.035789466,0.035632241,1,1,544.6736172,528.7226554,515.0626159,507.8449084,5329.230048,529.207841,26.8,0.015474778
0.015474778,0.015561134,0.035938539,0.035790122,1,1,544.6736172,528.7226554,515.0626159,507.8449084,5329.230048,529.207841,27.06666667,0.015834903
0.015834903,0.015919818,0.036086384,0.03594622,1,1,544.6736172,528.7226554,515.0626159,507.8449084,5329.230048,529.207841,27.33333333,0.016196502
0.016196502,0.016280053,0.03623307,0.036100491,1,1,544.6736172,528.7226554,515.0626159,507.8449084,5329.230048,529.207841,27.6,0.016559561
0.016559561,0.016641821,0.036378588,0.036252974,1,1,544.6736172,528.7226554,515.0626159,507.8449084,5329.230048,529.207841,27.86666667,0.016924069
0.016924069,0.017005107,0.036522866,0.036403776,1,1,544.6736172,528.7226554,515.0626159,507.8449084,5329.230048,529.207841,28.13333333,0.017290014
0.017290014,0.017369891,0.036665943,0.036552886,1,1,544.6736172,528.7226554,515.0626159,507.8449084,5329.230048,529.207841,28.4,0.017657384
0.017657384,0.017736159,0.036807845,0.036700305,1,1,544.6736172,528.7226554,515.0626159,507.8449084,5329.230048,529.207841,28.66666667,0.018026167
0.018026167,0.018103892,0.036948527,0.036846109,1,1,544.6736172,528.7226554,515.0626159,507.8449084,5329.230048,529.207841,28.93333333,0.018396351
0.018396351,0.018473076,0.037087985,0.03699033,1,1,544.6736172,528.7226554,515.0626159,507.8449084,5329.230048,529.207841,29.2,0.018767923
0.018767923,0.018843693,0.037226255,0.037132957,1,1,544.6736172,528.7226554,515.0626159,507.8449084,5329.230048,529.207841,29.46666667,0.019140872
0.019140872,0.01921573,0.037363324,0.037274033,1,1,544.6736172,528.7226554,515.0626159,507.8449084,5329.230048,529.207841,29.73333333,0.019515185
0.019515185,0.019589169,0.037499171,0.037413611,1,1,544.6736172,528.7226554,515.0626159,507.8449084,5329.230048,529.207841,30,0.019890851
0.019890851,0.019963997,0.037633828,0.037551687,1,1,544.6736172,528.7226554,515.0626159,507.8449084,5329.230048,529.207841,30.26666667,0.020267858
0.020267858,0.020340198,0.037767302,0.037688278,1,1,544.6736172,528.7226554,515.0626159,507.8449084,5329.230048,529.207841,30.53333333,0.020646193
0.020646193,0.020717758,0.037899563,0.037823431,1,1,544.6736172,528.7226554,515.0626159,507.8449084,5329.230048,529.207841,30.8,0.021025845
0.021025845,0.021096662,0.038030627,0.037957154,1,1,544.6736172,528.7226554,515.0626159,507.8449084,5329.230048,529.207841,31.06666667,0.021406802
0.021406802,0.021476896,0.038160535,0.038089472,1,1,544.6736172,528.7226554,515.0626159,507.8449084,5329.230048,529.207841,31.33333333,0.021789052
0.021789052,0.021858446,0.038289253,0.038220402,1,1,544.6736172,528.7226554,515.0626159,507.8449084,5329.230048,529.207841,31.6,0.022172583
0.022172583,0.022241299,0.038416782,0.038349972,1,1,544.6736172,528.7226554,515.0626159,507.8449084,5329.230048,529.207841,31.86666667,0.022557384
0.022557384,0.022625441,0.038543155,0.038478192,1,1,544.6736172,528.7226554,515.0626159,507.8449084,5329.230048,529.207841,32.13333333,0.022943442
0.022943442,0.023010859,0.038668373,0.038605081,1,1,544.6736172,528.7226554,515.0626159,507.8449084,5329.230048,529.207841,32.4,0.023330747
0.023330747,0.023397539,0.038792423,0.03873067,1,1,544.6736172,528.7226554,515.0626159,507.8449084,5329.230048,529.207841,32.66666667,0.023719287
0.023719287,0.023785468,0.038915327,0.038854964,1,1,544.6736172,528.7226554,515.0626159,507.8449084,5329.230048,529.207841,32.93333333,0.02410905
0.02410905,0.024174634,0.039037098,0.038977982,1,1,544.6736172,528.7226554,515.0626159,507.8449084,5329.230048,529.207841,33.2,0.024500025
0.024500025,0.024565023,0.039157728,0.039099746,1,1,544.6736172,528.7226554,515.0626159,507.8449084,5329.230048,529.207841,33.46666667,0.024892201
0.024892201,0.024956624,0.039277225,0.039220265,1,1,544.6736172,528.7226554,515.0626159,507.8449084,5329.230048,529.207841,33.73333333,0.025285566
0.025285566,0.025349425,0.039395614,0.039339562,1,1,544.6736172,528.7226554,515.0626159,507.8449084,5329.230048,529.207841,34,0.025680109
0.025680109,0.025743412,0.039512889,0.039457646,1,1,544.6736172,528.7226554,515.0626159,507.8449084,5329.230048,529.207841,34.26666667,0.02607582
0.02607582,0.026138574,0.039629055,0.039574539,1,1,544.6736172,528.7226554,515.0626159,507.8449084,5329.230048,529.207841,34.53333333,0.026472687
0.026472687,0.026534898,0.039744127,0.039690247,1,1,544.6736172,528.7226554,515.0626159,507.8449084,5329.230048,529.207841,34.8,0.026870699
0.026870699,0.026932375,0.039858112,0.039804784,1,1,544.6736172,528.7226554,515.0626159,507.8449084,5329.230048,529.207841,35.06666667,0.027269845
0.027269845,0.02733099,0.03997102,0.03991818,1,1,544.6736172,528.7226554,515.0626159,507.8449084,5329.230048,529.207841,35.33333333,0.027670116
0.027670116,0.027730734,0.040082857,0.040030436,1,1,544.6736172,528.7226554,515.0626159,507.8449084,5329.230048,529.207841,35.6,0.028071499
0.028071499,0.028131595,0.040193626,0.040141553,1,1,544.6736172,528.7226554,515.0626159,507.8449084,5329.230048,529.207841,35.86666667,0.028473985
0.028473985,0.028533562,0.040303344,0.040251567,1,1,544.6736172,528.7226554,515.0626159,507.8449084,5329.230048,529.207841,36.13333333,0.028877562
0.028877562,0.028936623,0.040412017,0.040360488,1,1,544.6736172,528.7226554,515.0626159,507.8449084,5329.230048,529.207841,36.4,0.029282221
0.029282221,0.029340768,0.040519653,0.040468315,1,1,544.6736172,528.7226554,515.0626159,507.8449084,5329.230048,529.207841,36.66666667,0.029687952
0.029687952,0.029745986,0.040626261,0.040575062,1,1,544.6736172,528.7226554,515.0626159,507.8449084,5329.230048,529.207841,36.93333333,0.030094743
0.030094743,0.030152266,0.040731848,0.040680751,1,1,544.6736172,528.7226554,515.0626159,507.8449084,5329.230048,529.207841,37.2,0.030502585
0.030502585,0.030559597,0.040836421,0.040785388,1,1,544.6736172,528.7226554,515.0626159,507.8449084,5329.230048,529.207841,37.46666667,0.030911468
0.030911468,0.03096797,0.040939994,0.040888988,1,1,544.6736172,528.7226554,515.0626159,507.8449084,5329.230048,529.207841,37.73333333,0.031321382
0.031321382,0.031377374,0.041042575,0.040991563,1,1,544.6736172,528.7226554,515.0626159,507.8449084,5329.230048,529.207841,38,0.031732317
0.031732317,0.031787798,0.041144166,0.041093112,1,1,544.6736172,528.7226554,515.0626159,507.8449084,5329.230048,529.207841,38.26666667,0.032144262
0.032144262,0.032199232,0.041244781,0.041193655,1,1,544.6736172,528.7226554,515.0626159,507.8449084,5329.230048,529.207841,38.53333333,0.032557209
0.032557209,0.032611668,0.041344428,0.041293213,1,1,544.6736172,528.7226554,515.0626159,507.8449084,5329.230048,529.207841,38.8,0.032971147
0.032971147,0.033025093,0.041443115,0.041391792,1,1,544.6736172,528.7226554,515.0626159,507.8449084,5329.230048,529.207841,39.06666667,0.033386068
0.033386068,0.0334395,0.041540851,0.041489381,1,1,544.6736172,528.7226554,515.0626159,507.8449084,5329.230048,529.207841,39.33333333,0.033801961
0.033801961,0.033854878,0.041637643,0.041586006,1,1,544.6736172,528.7226554,515.0626159,507.8449084,5329.230048,529.207841,39.6,0.034218818
0.034218818,0.034271217,0.0417335,0.041681694,1,1,544.6736172,528.7226554,515.0626159,507.8449084,5329.230048,529.207841,39.86666667,0.034636628
0.034636628,0.034688509,0.041828433,0.041776441,1,1,544.6736172,528.7226554,515.0626159,507.8449084,5329.230048,529.207841,40.13333333,0.035055383
0.035055383,0.035106743,0.041922446,0.041870235,1,1,544.6736172,528.7226554,515.0626159,507.8449084,5329.230048,529.207841,40.4,0.035475074
0.035475074,0.03552591,0.042015551,0.041963109,1,1,544.6736172,528.7226554,515.0626159,507.8449084,5329.230048,529.207841,40.66666667,0.035895691
0.035895691,0.035946002,0.042107756,0.042055084,1,1,544.6736172,528.7226554,515.0626159,507.8449084,5329.230048,529.207841,40.93333333,0.036317226
0.036317226,0.036367009,0.042199069,0.042146152,1,1,544.6736172,528.7226554,515.0626159,507.8449084,5329.230048,529.207841,41.2,0.03673967
0.03673967,0.036788922,0.042289493,0.042236306,1,1,544.6736172,528.7226554,515.0626159,507.8449084,5329.230048,529.207841,41.46666667,0.037163013
0.037163013,0.037211732,0.042379041,0.042325573,1,1,544.6736172,528.7226554,515.0626159,507.8449084,5329.230048,529.207841,41.73333333,0.037587248
0.037587248,0.037635431,0.042467724,0.042413977,1,1,544.6736172,528.7226554,515.0626159,507.8449084,5329.230048,529.207841,42,0.038012365
0.038012365,0.038060009,0.042555551,0.042501526,1,1,544.6736172,528.7226554,515.0626159,507.8449084,5329.230048,529.207841,42.26666667,0.038438356
0.038438356,0.038485458,0.042642526,0.042588216,1,1,544.6736172,528.7226554,515.0626159,507.8449084,5329.230048,529.207841,42.53333333,0.038865213
0.038865213,0.03891177,0.042728651,0.042674033,1,1,544.6736172,528.7226554,515.0626159,507.8449084,5329.230048,529.207841,42.8,0.039292926
0.039292926,0.039338936,0.042813935,0.042758997,1,1,544.6736172,528.7226554,515.0626159,507.8449084,5329.230048,529.207841,43.06666667,0.039721489
0.039721489,0.039766947,0.042898395,0.042843141,1,1,544.6736172,528.7226554,515.0626159,507.8449084,5329.230048,529.207841,43.33333333,0.040150891
0.040150891,0.040195796,0.042982043,0.042926479,1,1,544.6736172,528.7226554,515.0626159,507.8449084,5329.230048,529.207841,43.6,0.040581127
0.040581127,0.040625474,0.043064881,0.04300901,1,1,544.6736172,528.7226554,515.0626159,507.8449084,5329.230048,529.207841,43.86666667,0.041012186
0.041012186,0.041055974,0.043146908,0.043090715,1,1,544.6736172,528.7226554,515.0626159,507.8449084,5329.230048,529.207841,44.13333333,0.041444062
0.041444062,0.041487286,0.043228128,0.043171597,1,1,544.6736172,528.7226554,515.0626159,507.8449084,5329.230048,529.207841,44.4,0.041876746
0.041876746,0.041919403,0.04330856,0.043251692,1,1,544.6736172,528.7226554,515.0626159,507.8449084,5329.230048,529.207841,44.66666667,0.042310231
0.042310231,0.042352317,0.043388219,0.043331021,1,1,544.6736172,528.7226554,515.0626159,507.8449084,5329.230048,529.207841,44.93333333,0.042744508
0.042744508,0.042786021,0.04346711,0.043409589,1,1,544.6736172,528.7226554,515.0626159,507.8449084,5329.230048,529.207841,45.2,0.04317957
0.04317957,0.043220506,0.043545232,0.043487383,1,1,544.6736172,528.7226554,515.0626159,507.8449084,5329.230048,529.207841,45.46666667,0.04361541
0.04361541,0.043655766,0.04362258,0.04356439,1,1,544.6736172,528.7226554,515.0626159,507.8449084,5329.230048,529.207841,45.73333333,0.044052019
0.044052019,0.044091792,0.043699173,0.04364064,1,1,544.6736172,528.7226554,515.0626159,507.8449084,5329.230048,529.207841,46,0.044489391
0.044489391,0.044528576,0.043775028,0.043716156,1,1,544.6736172,528.7226554,515.0626159,507.8449084,5329.230048,529.207841,46.26666667,0.044927518
0.044927518,0.044966112,0.043850155,0.04379095,1,1,544.6736172,528.7226554,515.0626159,507.8449084,5329.230048,529.207841,46.53333333,0.045366392
0.045366392,0.045404393,0.043924552,0.043865017,1,1,544.6736172,528.7226554,515.0626159,507.8449084,5329.230048,529.207841,46.8,0.045806006
0.045806006,0.04584341,0.043998214,0.043938341,1,1,544.6736172,528.7226554,515.0626159,507.8449084,5329.230048,529.207841,47.06666667,0.046246354
0.046246354,0.046283157,0.04407115,0.044010936,1,1,544.6736172,528.7226554,515.0626159,507.8449084,5329.230048,529.207841,47.33333333,0.046687427
0.046687427,0.046723627,0.04414338,0.044082828,1,1,544.6736172,528.7226554,515.0626159,507.8449084,5329.230048,529.207841,47.6,0.047129219
0.047129219,0.047164811,0.044214916,0.044154031,1,1,544.6736172,528.7226554,515.0626159,507.8449084,5329.230048,529.207841,47.86666667,0.047571723
0.047571723,0.047606705,0.044285763,0.044224547,1,1,544.6736172,528.7226554,515.0626159,507.8449084,5329.230048,529.207841,48.13333333,0.048014932
0.048014932,0.0480493,0.044355912,0.044294365,1,1,544.6736172,528.7226554,515.0626159,507.8449084,5329.230048,529.207841,48.4,0.048458839
0.048458839,0.04849259,0.044425348,0.044363464,1,1,544.6736172,528.7226554,515.0626159,507.8449084,5329.230048,529.207841,48.66666667,0.048903437
0.048903437,0.048936567,0.044494103,0.044431883,1,1,544.6736172,528.7226554,515.0626159,507.8449084,5329.230048,529.207841,48.93333333,0.049348719
0.049348719,0.049381225,0.044562206,0.044499656,1,1,544.6736172,528.7226554,515.0626159,507.8449084,5329.230048,529.207841,49.2,0.049794679
0.049794679,0.049826558,0.044629673,0.0445668,1,1,544.6736172,528.7226554,515.0626159,507.8449084,5329.230048,529.207841,49.46666667,0.05024131
0.05024131,0.050272559,0.0446965,0.044633307,1,1,544.6736172,528.7226554,515.0626159,507.8449084,5329.230048,529.207841,49.73333333,0.050688606
0.050688606,0.050719222,0.044762667,0.044699154,1,1,544.6736172,528.7226554,515.0626159,507.8449084,5329.230048,529.207841,50,0.051128352
0.051128352,0.051158199,0.042907742,0.042811439,1,1,544.6736172,528.7226554,515.0626159,507.8449084,5329.230048,529.207841,49,0.05154603
0.05154603,0.05157471,0.040630008,0.040493243,1,1,544.6736172,528.7226554,515.0626159,507.8449084,5329.230048,529.207841,48,0.051941017
0.051941017,0.051968141,0.038370789,0.038196972,1,1,544.6736172,528.7226554,515.0626159,507.8449084,5329.230048,529.207841,47,0.052313515
0.052313515,0.052338729,0.036132211,0.035924569,1,1,544.6736172,528.7226554,515.0626159,507.8449084,5329.230048,529.207841,46,0.05266373
0.05266373,0.052686711,0.033914187,0.033675724,1,1,544.6736172,528.7226554,515.0626159,507.8449084,5329.230048,529.207841,45,0.052991867
0.052991867,0.053012321,0.031716591,0.031450083,1,1,544.6736172,528.7226554,515.0626159,507.8449084,5329.230048,529.207841,44,0.053298129
0.053298129,0.053315789,0.029539329,0.029247396,1,1,544.6736172,528.7226554,515.0626159,507.8449084,5329.230048,529.207841,43,0.05358272
0.05358272,0.053597344,0.027382207,0.027067177,1,1,544.6736172,528.7226554,515.0626159,507.8449084,5329.230048,529.207841,42,0.053845841
0.053845841,0.053857208,0.025245256,0.024909508,1,1,544.6736172,528.7226554,515.0626159,507.8449084,5329.230048,529.207841,41,0.054087691
0.054087691,0.054095604,0.023128118,0.022773562,1,1,544.6736172,528.7226554,515.0626159,507.8449084,5329.230048,529.207841,40,0.054308469
0.054308469,0.054312752,0.021030793,0.02065938,1,1,544.6736172,528.7226554,515.0626159,507.8449084,5329.230048,529.207841,39,0.054508374
0.054508374,0.054508867,0.018953305,0.018567015,1,1,544.6736172,528.7226554,515.0626159,507.8449084,5329.230048,529.207841,38,0.0546876
0.0546876,0.054684162,0.016895326,0.016495775,1,1,544.6736172,528.7226554,515.0626159,507.8449084,5329.230048,529.207841,37,0.054846343
0.054846343,0.054838849,0.014856499,0.01444504,1,1,544.6736172,528.7226554,515.0626159,507.8449084,5329.230048,529.207841,36,0.054984795
0.054984795,0.054973134,0.0128372,0.012415459,1,1,544.6736172,528.7226554,515.0626159,507.8449084,5329.230048,529.207841,35,0.055103151
0.055103151,0.055087226,0.010837037,0.01040641,1,1,544.6736172,528.7226554,515.0626159,507.8449084,5329.230048,529.207841,34,0.055201599
0.055201599,0.055181329,0.008855743,0.008417407,1,1,544.6736172,528.7226554,515.0626159,507.8449084,5329.230048,529.207841,33,0.055280328
0.055280328,0.05525564,0.006893201,0.006448042,1,1,544.6736172,528.7226554,515.0626159,507.8449084,5329.230048,529.207841,32,0.055339526
0.055339526,0.055310359,0.004949501,0.004499011,1,1,544.6736172,528.7226554,515.0626159,507.8449084,5329.230048,529.207841,31,0.055379379
0.055379379,0.055345682,0.003024091,0.002568785,1,1,544.6736172,528.7226554,515.0626159,507.8449084,5329.230048,529.207841,30,0.05540007
0.05540007,0.0553618,0.001117133,0.000658124,1,1,544.6736172,528.7226554,515.0626159,507.8449084,5329.230048,529.207841,29,0.055401782
0.055401782,0.055358908,-0.000771584,-0.001233418,1,1,544.6736172,528.7226554,515.0626159,507.8449084,5329.230048,529.207841,28,0.055384698
0.055384698,0.055337193,-0.002642325,-0.003106408,1,1,544.6736172,528.7226554,515.0626159,507.8449084,5329.230048,529.207841,27,0.055348996
0.055348996,0.055296843,-0.004495088,-0.004960485,1,1,544.6736172,528.7226554,515.0626159,507.8449084,5329.230048,529.207841,26,0.055294855
0.055294855,0.055238044,-0.006330092,-0.006796263,1,1,544.6736172,528.7226554,515.0626159,507.8449084,5329.230048,529.207841,25,0.055222453
0.055222453,0.055160979,-0.008147503,-0.008613772,1,1,544.6736172,528.7226554,515.0626159,507.8449084,5329.230048,529.207841,24,0.055131963
0.055131963,0.055065829,-0.009947441,-0.010413249,1,1,544.6736172,528.7226554,515.0626159,507.8449084,5329.230048,529.207841,23,0.055023562
0.055023562,0.054952773,-0.01173006,-0.012194898,1,1,544.6736172,528.7226554,515.0626159,507.8449084,5329.230048,529.207841,22,0.054897419
0.054897419,0.05482199,-0.013495548,-0.0139589,1,1,544.6736172,528.7226554,515.0626159,507.8449084,5329.230048,529.207841,21,0.054753707
0.054753707,0.054673653,-0.015244013,-0.015705492,1,1,544.6736172,528.7226554,515.0626159,507.8449084,5329.230048,529.207841,20,0.054592595
0.054592595,0.054507938,-0.016975634,-0.017434773,1,1,544.6736172,528.7226554,515.0626159,507.8449084,5329.230048,529.207841,19,0.05441425
0.05441425,0.054325015,-0.018690557,-0.019147026,1,1,544.6736172,528.7226554,515.0626159,507.8449084,5329.230048,529.207841,18,0.054218839
0.054218839,0.054125053,-0.020388927,-0.020842382,1,1,544.6736172,528.7226554,515.0626159,507.8449084,5329.230048,529.207841,17,0.054006527
0.054006527,0.053908223,-0.022070882,-0.022520944,1,1,544.6736172,528.7226554,515.0626159,507.8449084,5329.230048,529.207841,16,0.053777476
0.053777476,0.053674689,-0.023736606,-0.024183082,1,1,544.6736172,528.7226554,515.0626159,507.8449084,5329.230048,529.207841,15,0.053531848
0.053531848,0.053424616,-0.025386222,-0.025828836,1,1,544.6736172,528.7226554,515.0626159,507.8449084,5329.230048,529.207841,14,0.053269804
0.053269804,0.053158167,-0.027019857,-0.027458273,1,1,544.6736172,528.7226554,515.0626159,507.8449084,5329.230048,529.207841,13,0.052991504
0.052991504,0.052875503,-0.028637705,-0.029071812,1,1,544.6736172,528.7226554,515.0626159,507.8449084,5329.230048,529.207841,12,0.052697103
0.052697103,0.052576783,-0.03023989,-0.030669499,1,1,544.6736172,528.7226554,515.0626159,507.8449084,5329.230048,529.207841,11,0.052386758
0.052386758,0.052262166,-0.031826527,-0.032251344,1,1,544.6736172,528.7226554,515.0626159,507.8449084,5329.230048,529.207841,10,0.052060623
0.052060623,0.051931808,-0.033397809,-0.033817763,1,1,544.6736172,528.7226554,515.0626159,507.8449084,5329.230048,529.207841,9,0.051718852
0.051718852,0.051585862,-0.034953864,-0.035368835,1,1,544.6736172,528.7226554,515.0626159,507.8449084,5329.230048,529.207841,8,0.051361596
0.051361596,0.051224483,-0.036494797,-0.036904548,1,1,544.6736172,528.7226554,515.0626159,507.8449084,5329.230048,529.207841,7,0.050989006
0.050989006,0.050847821,-0.038020802,-0.038425277,1,1,544.6736172,528.7226554,515.0626159,507.8449084,5329.230048,529.207841,6,0.05060123
0.05060123,0.050456027,-0.039532009,-0.039931138,1,1,544.6736172,528.7226554,515.0626159,507.8449084,5329.230048,529.207841,5,0.050198415
0.050198415,0.050049248,-0.041028515,-0.04142213,1,1,544.6736172,528.7226554,515.0626159,507.8449084,5329.230048,529.207841,4,0.049780708
0.049780708,0.049627632,-0.042510513,-0.042898574,1,1,544.6736172,528.7226554,515.0626159,507.8449084,5329.230048,529.207841,3,0.049348253
0.049348253,0.049191325,-0.043978106,-0.044360529,1,1,544.6736172,528.7226554,515.0626159,507.8449084,5329.230048,529.207841,2,0.048901193
0.048901193,0.04874047,-0.045431433,-0.045808143,1,1,544.6736172,528.7226554,515.0626159,507.8449084,5329.230048,529.207841,1,0.048439671
